USER_ID,ITEM_ID,TIMESTAMP
b4843996-a93b-44db-aaed-0a00eb443fa5,5,1624592076348
eef8edd5-229a-41da-9e01-000f430c3978,2,1624520216197
97dca41f-a4a7-4c0d-9245-4b67dd0339bd,11,1624719132313
c8cbd961-9906-4cda-a5f2-66a9ee55a0a9,16,1624570139487
21eba462-2c5f-4745-9092-3f1fa39a287d,14,1624655172525
38995693-a5e8-4611-afde-b615da7877ae,17,1623797198411
15a73e20-262f-4a28-b889-974db52fb11f,13,1624495496949
510c6f0d-0614-4e94-9484-dd8d499c5036,17,1623844404715
885bca39-6e11-4189-9e3e-1c43be504d84,15,1624366620966
3fd9cf70-c9c7-467b-9944-3e11a2987e79,17,1623901003444
ed958bcb-29af-4622-8ad5-7c1b5fc2c8b6,14,1624325379434
2ad9b98a-351f-4696-8aec-5825869dd56b,4,1624421311651
7c92b0f0-55ac-4cca-82ba-bc00e447c644,15,1624109553890
7047dea2-2e89-4898-9c8f-2f1affc24915,12,1624044929857
1d5d9e4b-445a-43d3-8756-4dc11c066de8,12,1624431641165
ed958bcb-29af-4622-8ad5-7c1b5fc2c8b6,11,1624160537953
b7bd4b54-9e40-4d61-a710-17b543006937,17,1624200972290
667196e3-bf86-4f74-86e1-3474b93e424f,10,1624530692629
e2017710-aff4-48b2-aecf-0023438362dd,3,1624090714839
ca164e86-0f3d-4c60-aea5-2e22740de995,4,1623774553769
eef8edd5-229a-41da-9e01-000f430c3978,9,1624224498502
ed958bcb-29af-4622-8ad5-7c1b5fc2c8b6,4,1623945798636
38995693-a5e8-4611-afde-b615da7877ae,3,1624718245052
3371bab0-d190-4df3-a583-c8384b0b6784,4,1624124549713
e2017710-aff4-48b2-aecf-0023438362dd,17,1624305987260
4318b7cb-e78c-42c6-9a19-67b45a2cf7c1,4,1623816311686
8d5adfee-df6c-418c-abfc-b08e51164542,1,1624542914000
7047dea2-2e89-4898-9c8f-2f1affc24915,17,1624438985546
ed958bcb-29af-4622-8ad5-7c1b5fc2c8b6,5,1624902301989
e2017710-aff4-48b2-aecf-0023438362dd,11,1624219529556
1ce3df0b-c626-4b5c-a1b7-43ce00b381f5,16,1624565273608
3fd9cf70-c9c7-467b-9944-3e11a2987e79,14,1624641265141
15a73e20-262f-4a28-b889-974db52fb11f,2,1624045940569
7c92b0f0-55ac-4cca-82ba-bc00e447c644,8,1624688718612
7d5e3522-3a3e-4cac-9d20-1ae973a3d3ae,3,1624472940507
ab98d5c2-88dc-48d3-9dc5-4ad9edf7d157,17,1624806318023
21eba462-2c5f-4745-9092-3f1fa39a287d,12,1623911108944
cf6d27d9-62d0-4511-bce1-1c545c4f8476,4,1623860814695
7047dea2-2e89-4898-9c8f-2f1affc24915,14,1624573801857
b7e349ff-72b7-4a96-81de-abe1fb468035,12,1624200275011
e2017710-aff4-48b2-aecf-0023438362dd,11,1624384464098
e2017710-aff4-48b2-aecf-0023438362dd,12,1624658791742
1d5d9e4b-445a-43d3-8756-4dc11c066de8,7,1624306732905
8d5adfee-df6c-418c-abfc-b08e51164542,6,1623984043310
45990643-f199-48cd-a804-40f8651f66cc,5,1624121851345
38995693-a5e8-4611-afde-b615da7877ae,17,1624663843648
e2017710-aff4-48b2-aecf-0023438362dd,7,1623987403576
187c7cf3-5f1f-4728-a466-71588e5eacf2,5,1624399760418
c8cbd961-9906-4cda-a5f2-66a9ee55a0a9,12,1624050638476
f96d09b3-867e-498f-acbb-1b2977f87477,7,1623819078195
15a73e20-262f-4a28-b889-974db52fb11f,6,1624276674058
4e037e04-6135-48dd-ac97-dee4d69fb954,3,1624676668931
7047dea2-2e89-4898-9c8f-2f1affc24915,12,1624507639106
e2017710-aff4-48b2-aecf-0023438362dd,14,1623825409227
7d5e3522-3a3e-4cac-9d20-1ae973a3d3ae,14,1624811977773
1ce3df0b-c626-4b5c-a1b7-43ce00b381f5,4,1624454824737
3371bab0-d190-4df3-a583-c8384b0b6784,5,1624098446830
f96d09b3-867e-498f-acbb-1b2977f87477,5,1624230242792
21eba462-2c5f-4745-9092-3f1fa39a287d,11,1624491198977
ed958bcb-29af-4622-8ad5-7c1b5fc2c8b6,7,1623764212358
4e037e04-6135-48dd-ac97-dee4d69fb954,3,1624264168810
187c7cf3-5f1f-4728-a466-71588e5eacf2,16,1623771853821
3fd9cf70-c9c7-467b-9944-3e11a2987e79,5,1624236061941
38995693-a5e8-4611-afde-b615da7877ae,7,1624716246202
b4843996-a93b-44db-aaed-0a00eb443fa5,11,1623835800018
97dca41f-a4a7-4c0d-9245-4b67dd0339bd,3,1624565432695
45990643-f199-48cd-a804-40f8651f66cc,4,1624342068313
4e135956-5d75-4f06-abc0-b12e36c0f2f5,8,1624336225805
1d5d9e4b-445a-43d3-8756-4dc11c066de8,12,1623777355679
edd03fff-5748-488b-aa91-0d5b754cd7e2,3,1624667976138
b7e349ff-72b7-4a96-81de-abe1fb468035,5,1623794346485
38995693-a5e8-4611-afde-b615da7877ae,5,1624578316406
38995693-a5e8-4611-afde-b615da7877ae,7,1624703407704
edd03fff-5748-488b-aa91-0d5b754cd7e2,3,1624884831730
e2017710-aff4-48b2-aecf-0023438362dd,17,1624585589965
c8cbd961-9906-4cda-a5f2-66a9ee55a0a9,5,1623847153884
7d5e3522-3a3e-4cac-9d20-1ae973a3d3ae,17,1624864596197
b7bd4b54-9e40-4d61-a710-17b543006937,4,1624449048003
8d5adfee-df6c-418c-abfc-b08e51164542,13,1623845629405
1d5d9e4b-445a-43d3-8756-4dc11c066de8,3,1623892913590
1d5d9e4b-445a-43d3-8756-4dc11c066de8,11,1624836277613
58678369-d4c4-490b-bccf-d51b0c570f3c,6,1624470885251
885bca39-6e11-4189-9e3e-1c43be504d84,9,1624028643652
ca164e86-0f3d-4c60-aea5-2e22740de995,12,1624296334341
b4843996-a93b-44db-aaed-0a00eb443fa5,12,1623931175118
b7bd4b54-9e40-4d61-a710-17b543006937,5,1623917389441
7047dea2-2e89-4898-9c8f-2f1affc24915,14,1623985694648
187c7cf3-5f1f-4728-a466-71588e5eacf2,11,1623826977337
cf6d27d9-62d0-4511-bce1-1c545c4f8476,11,1624082694434
6976e672-3c6f-48a6-9f73-edfc03fefb63,8,1624176047940
b7e349ff-72b7-4a96-81de-abe1fb468035,11,1624261258049
4318b7cb-e78c-42c6-9a19-67b45a2cf7c1,3,1624777112900
510c6f0d-0614-4e94-9484-dd8d499c5036,3,1624256337883
ca164e86-0f3d-4c60-aea5-2e22740de995,5,1623747867061
4e037e04-6135-48dd-ac97-dee4d69fb954,4,1624445410953
2ad9b98a-351f-4696-8aec-5825869dd56b,14,1623895033733
15a73e20-262f-4a28-b889-974db52fb11f,6,1624055794400
ed958bcb-29af-4622-8ad5-7c1b5fc2c8b6,4,1624565995985
b4843996-a93b-44db-aaed-0a00eb443fa5,7,1624714665687
b4843996-a93b-44db-aaed-0a00eb443fa5,17,1624514879182
7c92b0f0-55ac-4cca-82ba-bc00e447c644,10,1623807500540
97dca41f-a4a7-4c0d-9245-4b67dd0339bd,16,1624196340379
c8cbd961-9906-4cda-a5f2-66a9ee55a0a9,17,1623892324981
e2017710-aff4-48b2-aecf-0023438362dd,3,1624224109503
a1536500-885d-4b96-8866-43fa7e2c6fde,14,1623753755772
4e135956-5d75-4f06-abc0-b12e36c0f2f5,13,1624924394634
a1536500-885d-4b96-8866-43fa7e2c6fde,4,1624329550382
b7bd4b54-9e40-4d61-a710-17b543006937,14,1624007094442
d2d0e5a7-d2b7-43bf-a1f0-e437125736b5,11,1624351830225
3fd9cf70-c9c7-467b-9944-3e11a2987e79,16,1624122158100
b7bd4b54-9e40-4d61-a710-17b543006937,5,1624847944529
3371bab0-d190-4df3-a583-c8384b0b6784,11,1624562070176
b8231129-a621-4b0f-91fc-6c8b8b729146,7,1624771155868
97dca41f-a4a7-4c0d-9245-4b67dd0339bd,3,1624475507255
45990643-f199-48cd-a804-40f8651f66cc,7,1624345086046
7c92b0f0-55ac-4cca-82ba-bc00e447c644,10,1624350134378
b7e349ff-72b7-4a96-81de-abe1fb468035,7,1624949879023
58678369-d4c4-490b-bccf-d51b0c570f3c,15,1624058581447
58678369-d4c4-490b-bccf-d51b0c570f3c,10,1624554741820
3fd9cf70-c9c7-467b-9944-3e11a2987e79,12,1624206744558
3371bab0-d190-4df3-a583-c8384b0b6784,7,1623892036472
c8cbd961-9906-4cda-a5f2-66a9ee55a0a9,4,1624653750723
21eba462-2c5f-4745-9092-3f1fa39a287d,5,1623769657743
ab98d5c2-88dc-48d3-9dc5-4ad9edf7d157,12,1623833750354
eef8edd5-229a-41da-9e01-000f430c3978,15,1624246972321
b7e349ff-72b7-4a96-81de-abe1fb468035,5,1624551641431
97dca41f-a4a7-4c0d-9245-4b67dd0339bd,14,1624754656046
3fd9cf70-c9c7-467b-9944-3e11a2987e79,5,1624851216267
4e135956-5d75-4f06-abc0-b12e36c0f2f5,9,1624425227301
15a73e20-262f-4a28-b889-974db52fb11f,2,1624559064896
1d5d9e4b-445a-43d3-8756-4dc11c066de8,4,1624765633412
7c92b0f0-55ac-4cca-82ba-bc00e447c644,15,1624386514830
8d5adfee-df6c-418c-abfc-b08e51164542,1,1623846703603
510c6f0d-0614-4e94-9484-dd8d499c5036,7,1624782901598
edd03fff-5748-488b-aa91-0d5b754cd7e2,12,1623813678822
b4843996-a93b-44db-aaed-0a00eb443fa5,4,1624647741705
cf6d27d9-62d0-4511-bce1-1c545c4f8476,14,1623973146329
2ad9b98a-351f-4696-8aec-5825869dd56b,16,1624555718961
ca164e86-0f3d-4c60-aea5-2e22740de995,3,1624309655412
e2017710-aff4-48b2-aecf-0023438362dd,16,1624331142538
510c6f0d-0614-4e94-9484-dd8d499c5036,7,1624117558447
b72d7c15-cea2-440a-8f05-ecad78dab70b,6,1624509084555
b8231129-a621-4b0f-91fc-6c8b8b729146,3,1623871406687
a1536500-885d-4b96-8866-43fa7e2c6fde,16,1623843643145
d2d0e5a7-d2b7-43bf-a1f0-e437125736b5,17,1624705755653
eef8edd5-229a-41da-9e01-000f430c3978,13,1624302148041
ca164e86-0f3d-4c60-aea5-2e22740de995,16,1624623807532
15a73e20-262f-4a28-b889-974db52fb11f,2,1624414698422
b7bd4b54-9e40-4d61-a710-17b543006937,17,1623984536923
4e135956-5d75-4f06-abc0-b12e36c0f2f5,6,1624158372636
1ce3df0b-c626-4b5c-a1b7-43ce00b381f5,7,1624784613861
667196e3-bf86-4f74-86e1-3474b93e424f,6,1624782402555
1d5d9e4b-445a-43d3-8756-4dc11c066de8,5,1624619635857
b72d7c15-cea2-440a-8f05-ecad78dab70b,8,1624773357119
8d5adfee-df6c-418c-abfc-b08e51164542,8,1623855383293
e2017710-aff4-48b2-aecf-0023438362dd,16,1624292114979
1d5d9e4b-445a-43d3-8756-4dc11c066de8,7,1624915599785
b8231129-a621-4b0f-91fc-6c8b8b729146,16,1624485203663
b905acab-9320-4881-a986-9e0dad7d227d,17,1624864418702
38995693-a5e8-4611-afde-b615da7877ae,12,1624690458982
667196e3-bf86-4f74-86e1-3474b93e424f,15,1624409875727
38995693-a5e8-4611-afde-b615da7877ae,3,1623891337522
ab98d5c2-88dc-48d3-9dc5-4ad9edf7d157,17,1624511791670
15a73e20-262f-4a28-b889-974db52fb11f,10,1623890718481
c8cbd961-9906-4cda-a5f2-66a9ee55a0a9,16,1624587032155
7d5e3522-3a3e-4cac-9d20-1ae973a3d3ae,12,1624905976851
b7e349ff-72b7-4a96-81de-abe1fb468035,11,1624123352373
6976e672-3c6f-48a6-9f73-edfc03fefb63,13,1624799995657
b905acab-9320-4881-a986-9e0dad7d227d,7,1624324562565
21eba462-2c5f-4745-9092-3f1fa39a287d,5,1624547969905
4e037e04-6135-48dd-ac97-dee4d69fb954,16,1624948624264
885bca39-6e11-4189-9e3e-1c43be504d84,10,1624628830556
1ce3df0b-c626-4b5c-a1b7-43ce00b381f5,4,1624516029432
7c92b0f0-55ac-4cca-82ba-bc00e447c644,10,1624738322881
b905acab-9320-4881-a986-9e0dad7d227d,3,1624368418383
510c6f0d-0614-4e94-9484-dd8d499c5036,17,1624810164884
eef8edd5-229a-41da-9e01-000f430c3978,13,1624848972933
58678369-d4c4-490b-bccf-d51b0c570f3c,6,1624954808440
1d5d9e4b-445a-43d3-8756-4dc11c066de8,12,1624152311760
7047dea2-2e89-4898-9c8f-2f1affc24915,11,1624357480177
15a73e20-262f-4a28-b889-974db52fb11f,15,1623751885594
cf6d27d9-62d0-4511-bce1-1c545c4f8476,12,1624228272300
4e037e04-6135-48dd-ac97-dee4d69fb954,7,1624083211106
2ad9b98a-351f-4696-8aec-5825869dd56b,17,1624219516531
b4843996-a93b-44db-aaed-0a00eb443fa5,16,1624327675538
4e135956-5d75-4f06-abc0-b12e36c0f2f5,15,1623861401589
b7e349ff-72b7-4a96-81de-abe1fb468035,11,1624688966749
1d5d9e4b-445a-43d3-8756-4dc11c066de8,14,1624858981498
1ce3df0b-c626-4b5c-a1b7-43ce00b381f5,5,1624182688447
38995693-a5e8-4611-afde-b615da7877ae,17,1624462627184
edd03fff-5748-488b-aa91-0d5b754cd7e2,4,1623760110367
2ad9b98a-351f-4696-8aec-5825869dd56b,14,1624876902153
cf6d27d9-62d0-4511-bce1-1c545c4f8476,3,1624910232352
edd03fff-5748-488b-aa91-0d5b754cd7e2,5,1624338532531
1d5d9e4b-445a-43d3-8756-4dc11c066de8,17,1624039177845
f96d09b3-867e-498f-acbb-1b2977f87477,11,1624636637105
4e037e04-6135-48dd-ac97-dee4d69fb954,14,1623910870945
97dca41f-a4a7-4c0d-9245-4b67dd0339bd,16,1624539389403
ab98d5c2-88dc-48d3-9dc5-4ad9edf7d157,3,1624801252117
b8231129-a621-4b0f-91fc-6c8b8b729146,14,1623871361715
3371bab0-d190-4df3-a583-c8384b0b6784,16,1624681247585
ab98d5c2-88dc-48d3-9dc5-4ad9edf7d157,4,1623905072886
3371bab0-d190-4df3-a583-c8384b0b6784,17,1624653889755
a1536500-885d-4b96-8866-43fa7e2c6fde,11,1624217280186
2ad9b98a-351f-4696-8aec-5825869dd56b,17,1624165891234
187c7cf3-5f1f-4728-a466-71588e5eacf2,11,1624944399741
cf6d27d9-62d0-4511-bce1-1c545c4f8476,11,1624813634643
58678369-d4c4-490b-bccf-d51b0c570f3c,9,1624144127231
cf6d27d9-62d0-4511-bce1-1c545c4f8476,4,1624075283597
1d5d9e4b-445a-43d3-8756-4dc11c066de8,11,1624149097473
510c6f0d-0614-4e94-9484-dd8d499c5036,7,1624776782850
f96d09b3-867e-498f-acbb-1b2977f87477,4,1624344537452
412202f9-740a-43fc-9f59-bec17ec58424,9,1624630352227
1ce3df0b-c626-4b5c-a1b7-43ce00b381f5,5,1624378820851
ab98d5c2-88dc-48d3-9dc5-4ad9edf7d157,3,1624285028664
6976e672-3c6f-48a6-9f73-edfc03fefb63,6,1623818986497
eef8edd5-229a-41da-9e01-000f430c3978,2,1623887424285
ed958bcb-29af-4622-8ad5-7c1b5fc2c8b6,17,1623780553694
187c7cf3-5f1f-4728-a466-71588e5eacf2,17,1624759381812
cf6d27d9-62d0-4511-bce1-1c545c4f8476,5,1624344293028
b8231129-a621-4b0f-91fc-6c8b8b729146,4,1623844296909
58678369-d4c4-490b-bccf-d51b0c570f3c,15,1624785789170
2ad9b98a-351f-4696-8aec-5825869dd56b,17,1624561397578
1d5d9e4b-445a-43d3-8756-4dc11c066de8,12,1624425023459
d2d0e5a7-d2b7-43bf-a1f0-e437125736b5,5,1624834168571
4e135956-5d75-4f06-abc0-b12e36c0f2f5,8,1623880205069
a1536500-885d-4b96-8866-43fa7e2c6fde,4,1623770329838
eef8edd5-229a-41da-9e01-000f430c3978,2,1624139272806
edd03fff-5748-488b-aa91-0d5b754cd7e2,12,1624417492588
58678369-d4c4-490b-bccf-d51b0c570f3c,9,1624333525760
b905acab-9320-4881-a986-9e0dad7d227d,12,1623834136480
7047dea2-2e89-4898-9c8f-2f1affc24915,16,1624575942518
b72d7c15-cea2-440a-8f05-ecad78dab70b,6,1624679095965
667196e3-bf86-4f74-86e1-3474b93e424f,2,1623918390934
1d5d9e4b-445a-43d3-8756-4dc11c066de8,5,1624142140200
8d5adfee-df6c-418c-abfc-b08e51164542,2,1623869964740
b905acab-9320-4881-a986-9e0dad7d227d,5,1624743018690
1ce3df0b-c626-4b5c-a1b7-43ce00b381f5,12,1624475611898
1ce3df0b-c626-4b5c-a1b7-43ce00b381f5,4,1624808114139
7c92b0f0-55ac-4cca-82ba-bc00e447c644,2,1624821964204
7d5e3522-3a3e-4cac-9d20-1ae973a3d3ae,4,1624059951434
187c7cf3-5f1f-4728-a466-71588e5eacf2,11,1624931904661
d2d0e5a7-d2b7-43bf-a1f0-e437125736b5,5,1624360086456
45990643-f199-48cd-a804-40f8651f66cc,3,1624875752215
cf6d27d9-62d0-4511-bce1-1c545c4f8476,14,1624431131449
412202f9-740a-43fc-9f59-bec17ec58424,9,1624231956068
cf6d27d9-62d0-4511-bce1-1c545c4f8476,11,1624058160764
b905acab-9320-4881-a986-9e0dad7d227d,14,1624810690730
7047dea2-2e89-4898-9c8f-2f1affc24915,16,1623959216946
667196e3-bf86-4f74-86e1-3474b93e424f,10,1624333748770
21eba462-2c5f-4745-9092-3f1fa39a287d,11,1623848994151
7c92b0f0-55ac-4cca-82ba-bc00e447c644,10,1624249805568
6976e672-3c6f-48a6-9f73-edfc03fefb63,10,1624250648064
b7e349ff-72b7-4a96-81de-abe1fb468035,7,1624819869648
6976e672-3c6f-48a6-9f73-edfc03fefb63,1,1624262475425
eef8edd5-229a-41da-9e01-000f430c3978,6,1623814877310
e2017710-aff4-48b2-aecf-0023438362dd,12,1624791575633
eef8edd5-229a-41da-9e01-000f430c3978,13,1624250270150
58678369-d4c4-490b-bccf-d51b0c570f3c,1,1624567720558
eef8edd5-229a-41da-9e01-000f430c3978,2,1623890930725
ab98d5c2-88dc-48d3-9dc5-4ad9edf7d157,14,1624815018128
1d5d9e4b-445a-43d3-8756-4dc11c066de8,12,1623901962906
ed958bcb-29af-4622-8ad5-7c1b5fc2c8b6,4,1624773121853
ca164e86-0f3d-4c60-aea5-2e22740de995,12,1624865292964
a1536500-885d-4b96-8866-43fa7e2c6fde,16,1624789030782
ed958bcb-29af-4622-8ad5-7c1b5fc2c8b6,7,1624401520586
6976e672-3c6f-48a6-9f73-edfc03fefb63,6,1624220284788
c8cbd961-9906-4cda-a5f2-66a9ee55a0a9,12,1624686302498
2ad9b98a-351f-4696-8aec-5825869dd56b,14,1624590273403
45990643-f199-48cd-a804-40f8651f66cc,3,1624424467630
cf6d27d9-62d0-4511-bce1-1c545c4f8476,12,1624719399140
ca164e86-0f3d-4c60-aea5-2e22740de995,11,1624737468719
21eba462-2c5f-4745-9092-3f1fa39a287d,3,1624172554001
b4843996-a93b-44db-aaed-0a00eb443fa5,3,1624172813519
3371bab0-d190-4df3-a583-c8384b0b6784,16,1624414178001
e2017710-aff4-48b2-aecf-0023438362dd,11,1624257731663
2ad9b98a-351f-4696-8aec-5825869dd56b,14,1624039976264
15a73e20-262f-4a28-b889-974db52fb11f,13,1624121592035
4318b7cb-e78c-42c6-9a19-67b45a2cf7c1,7,1623752811521
8d5adfee-df6c-418c-abfc-b08e51164542,6,1624369928710
e2017710-aff4-48b2-aecf-0023438362dd,16,1624243715564
b905acab-9320-4881-a986-9e0dad7d227d,11,1624300725209
edd03fff-5748-488b-aa91-0d5b754cd7e2,7,1624881262276
f96d09b3-867e-498f-acbb-1b2977f87477,12,1623971406786
b7e349ff-72b7-4a96-81de-abe1fb468035,14,1624593870404
ed958bcb-29af-4622-8ad5-7c1b5fc2c8b6,3,1623747275782
b72d7c15-cea2-440a-8f05-ecad78dab70b,9,1624007021034
885bca39-6e11-4189-9e3e-1c43be504d84,1,1623854453714
7c92b0f0-55ac-4cca-82ba-bc00e447c644,8,1623973934303
eef8edd5-229a-41da-9e01-000f430c3978,1,1624648414976
b7bd4b54-9e40-4d61-a710-17b543006937,17,1623908616753
b905acab-9320-4881-a986-9e0dad7d227d,7,1624623377968
510c6f0d-0614-4e94-9484-dd8d499c5036,5,1623857335179
b72d7c15-cea2-440a-8f05-ecad78dab70b,1,1624525944370
187c7cf3-5f1f-4728-a466-71588e5eacf2,12,1624783544860
1ce3df0b-c626-4b5c-a1b7-43ce00b381f5,3,1623848626242
eef8edd5-229a-41da-9e01-000f430c3978,10,1623788247095
38995693-a5e8-4611-afde-b615da7877ae,14,1624266115365
b72d7c15-cea2-440a-8f05-ecad78dab70b,13,1624037699026
b4843996-a93b-44db-aaed-0a00eb443fa5,4,1624026557596
b905acab-9320-4881-a986-9e0dad7d227d,16,1623747568155
3371bab0-d190-4df3-a583-c8384b0b6784,12,1623956360559
b7bd4b54-9e40-4d61-a710-17b543006937,12,1623992755659
510c6f0d-0614-4e94-9484-dd8d499c5036,4,1624250869248
1d5d9e4b-445a-43d3-8756-4dc11c066de8,16,1623880736467
b8231129-a621-4b0f-91fc-6c8b8b729146,12,1624749272892
e2017710-aff4-48b2-aecf-0023438362dd,12,1624822917739
45990643-f199-48cd-a804-40f8651f66cc,3,1624575356167
187c7cf3-5f1f-4728-a466-71588e5eacf2,14,1624198249334
f96d09b3-867e-498f-acbb-1b2977f87477,4,1624725116860
4e037e04-6135-48dd-ac97-dee4d69fb954,7,1623782024452
b7e349ff-72b7-4a96-81de-abe1fb468035,17,1624320660113
38995693-a5e8-4611-afde-b615da7877ae,16,1624220002007
3371bab0-d190-4df3-a583-c8384b0b6784,17,1624221008094
2ad9b98a-351f-4696-8aec-5825869dd56b,12,1624923273748
510c6f0d-0614-4e94-9484-dd8d499c5036,12,1624174532728
1d5d9e4b-445a-43d3-8756-4dc11c066de8,14,1624731257550
d2d0e5a7-d2b7-43bf-a1f0-e437125736b5,4,1624090702371
6976e672-3c6f-48a6-9f73-edfc03fefb63,1,1623844385131
e2017710-aff4-48b2-aecf-0023438362dd,4,1624904047907
e2017710-aff4-48b2-aecf-0023438362dd,16,1624480340558
c8cbd961-9906-4cda-a5f2-66a9ee55a0a9,16,1624789530216
f96d09b3-867e-498f-acbb-1b2977f87477,3,1623848641005
b7e349ff-72b7-4a96-81de-abe1fb468035,17,1624450739813
412202f9-740a-43fc-9f59-bec17ec58424,9,1624216538646
412202f9-740a-43fc-9f59-bec17ec58424,15,1624039098716
412202f9-740a-43fc-9f59-bec17ec58424,8,1624154175461
6976e672-3c6f-48a6-9f73-edfc03fefb63,8,1623801332765
1ce3df0b-c626-4b5c-a1b7-43ce00b381f5,12,1624585659168
eef8edd5-229a-41da-9e01-000f430c3978,15,1623781302996
b72d7c15-cea2-440a-8f05-ecad78dab70b,13,1623941094538
15a73e20-262f-4a28-b889-974db52fb11f,8,1624642923773
8d5adfee-df6c-418c-abfc-b08e51164542,8,1623877882622
885bca39-6e11-4189-9e3e-1c43be504d84,13,1624148512235
b7e349ff-72b7-4a96-81de-abe1fb468035,14,1624203867321
4e135956-5d75-4f06-abc0-b12e36c0f2f5,8,1624766109584
d2d0e5a7-d2b7-43bf-a1f0-e437125736b5,3,1623913158916
97dca41f-a4a7-4c0d-9245-4b67dd0339bd,16,1623767161917
d2d0e5a7-d2b7-43bf-a1f0-e437125736b5,14,1624290978157
187c7cf3-5f1f-4728-a466-71588e5eacf2,5,1624465926987
d2d0e5a7-d2b7-43bf-a1f0-e437125736b5,17,1623811752639
b7e349ff-72b7-4a96-81de-abe1fb468035,7,1624007825069
1d5d9e4b-445a-43d3-8756-4dc11c066de8,5,1624193488536
667196e3-bf86-4f74-86e1-3474b93e424f,8,1624183039480
2ad9b98a-351f-4696-8aec-5825869dd56b,11,1624743608334
4e037e04-6135-48dd-ac97-dee4d69fb954,14,1624826181205
b905acab-9320-4881-a986-9e0dad7d227d,12,1624138582758
667196e3-bf86-4f74-86e1-3474b93e424f,2,1624351978877
b72d7c15-cea2-440a-8f05-ecad78dab70b,13,1624658084677
1d5d9e4b-445a-43d3-8756-4dc11c066de8,12,1624820848948
510c6f0d-0614-4e94-9484-dd8d499c5036,14,1624119998743
15a73e20-262f-4a28-b889-974db52fb11f,15,1623836477737
ca164e86-0f3d-4c60-aea5-2e22740de995,11,1624050069728
b7bd4b54-9e40-4d61-a710-17b543006937,11,1624762999603
7047dea2-2e89-4898-9c8f-2f1affc24915,3,1624407137724
7047dea2-2e89-4898-9c8f-2f1affc24915,3,1624487530613
3fd9cf70-c9c7-467b-9944-3e11a2987e79,4,1624601734669
edd03fff-5748-488b-aa91-0d5b754cd7e2,14,1624516033537
3371bab0-d190-4df3-a583-c8384b0b6784,11,1623806620840
eef8edd5-229a-41da-9e01-000f430c3978,8,1624675586301
510c6f0d-0614-4e94-9484-dd8d499c5036,16,1624068215626
7c92b0f0-55ac-4cca-82ba-bc00e447c644,8,1624634407031
6976e672-3c6f-48a6-9f73-edfc03fefb63,15,1623969216080
1ce3df0b-c626-4b5c-a1b7-43ce00b381f5,12,1624311623127
885bca39-6e11-4189-9e3e-1c43be504d84,15,1624349279102
2ad9b98a-351f-4696-8aec-5825869dd56b,4,1624054346243
d2d0e5a7-d2b7-43bf-a1f0-e437125736b5,11,1624056398122
3fd9cf70-c9c7-467b-9944-3e11a2987e79,11,1624732668725
cf6d27d9-62d0-4511-bce1-1c545c4f8476,16,1624107004848
e2017710-aff4-48b2-aecf-0023438362dd,7,1623883172290
6976e672-3c6f-48a6-9f73-edfc03fefb63,10,1624142090608
412202f9-740a-43fc-9f59-bec17ec58424,10,1624670135557
eef8edd5-229a-41da-9e01-000f430c3978,10,1624453977277
15a73e20-262f-4a28-b889-974db52fb11f,10,1623831256692
a1536500-885d-4b96-8866-43fa7e2c6fde,17,1624860699321
c8cbd961-9906-4cda-a5f2-66a9ee55a0a9,5,1624424045014
1ce3df0b-c626-4b5c-a1b7-43ce00b381f5,17,1624113017295
7d5e3522-3a3e-4cac-9d20-1ae973a3d3ae,11,1623927735463
cf6d27d9-62d0-4511-bce1-1c545c4f8476,11,1624539685108
97dca41f-a4a7-4c0d-9245-4b67dd0339bd,16,1624451911088
b8231129-a621-4b0f-91fc-6c8b8b729146,14,1623775317261
8d5adfee-df6c-418c-abfc-b08e51164542,9,1624529577963
f96d09b3-867e-498f-acbb-1b2977f87477,11,1624893120320
e2017710-aff4-48b2-aecf-0023438362dd,11,1623853106174
885bca39-6e11-4189-9e3e-1c43be504d84,13,1624529437833
97dca41f-a4a7-4c0d-9245-4b67dd0339bd,11,1624224838008
b8231129-a621-4b0f-91fc-6c8b8b729146,11,1624307112056
8d5adfee-df6c-418c-abfc-b08e51164542,1,1624452790688
ab98d5c2-88dc-48d3-9dc5-4ad9edf7d157,16,1624040672965
ab98d5c2-88dc-48d3-9dc5-4ad9edf7d157,16,1624446646986
7d5e3522-3a3e-4cac-9d20-1ae973a3d3ae,17,1624489835153
e2017710-aff4-48b2-aecf-0023438362dd,16,1624752686030
2ad9b98a-351f-4696-8aec-5825869dd56b,3,1624264918158
eef8edd5-229a-41da-9e01-000f430c3978,2,1623781467724
510c6f0d-0614-4e94-9484-dd8d499c5036,17,1624590373669
cf6d27d9-62d0-4511-bce1-1c545c4f8476,17,1624080453961
edd03fff-5748-488b-aa91-0d5b754cd7e2,4,1624294241479
7047dea2-2e89-4898-9c8f-2f1affc24915,7,1624702245120
c8cbd961-9906-4cda-a5f2-66a9ee55a0a9,16,1624481538892
21eba462-2c5f-4745-9092-3f1fa39a287d,12,1623846033504
4e135956-5d75-4f06-abc0-b12e36c0f2f5,9,1624664107673
21eba462-2c5f-4745-9092-3f1fa39a287d,14,1624305856145
8d5adfee-df6c-418c-abfc-b08e51164542,2,1624075835994
3fd9cf70-c9c7-467b-9944-3e11a2987e79,17,1624219842802
1ce3df0b-c626-4b5c-a1b7-43ce00b381f5,14,1624359769029
1d5d9e4b-445a-43d3-8756-4dc11c066de8,17,1624415553779
7047dea2-2e89-4898-9c8f-2f1affc24915,12,1624645532745
cf6d27d9-62d0-4511-bce1-1c545c4f8476,5,1624420743898
cf6d27d9-62d0-4511-bce1-1c545c4f8476,11,1624383837146
7c92b0f0-55ac-4cca-82ba-bc00e447c644,9,1623976697908
1ce3df0b-c626-4b5c-a1b7-43ce00b381f5,7,1624627956918
b8231129-a621-4b0f-91fc-6c8b8b729146,11,1623753288816
8d5adfee-df6c-418c-abfc-b08e51164542,8,1624746914828
7c92b0f0-55ac-4cca-82ba-bc00e447c644,15,1624684289895
38995693-a5e8-4611-afde-b615da7877ae,4,1624510009349
e2017710-aff4-48b2-aecf-0023438362dd,14,1624122580379
15a73e20-262f-4a28-b889-974db52fb11f,13,1624743002101
510c6f0d-0614-4e94-9484-dd8d499c5036,14,1624637146226
3fd9cf70-c9c7-467b-9944-3e11a2987e79,4,1623775367353
eef8edd5-229a-41da-9e01-000f430c3978,8,1624656343225
b7e349ff-72b7-4a96-81de-abe1fb468035,4,1624880225023
b4843996-a93b-44db-aaed-0a00eb443fa5,7,1624357181525
4e037e04-6135-48dd-ac97-dee4d69fb954,4,1624617870075
187c7cf3-5f1f-4728-a466-71588e5eacf2,5,1624384378647
edd03fff-5748-488b-aa91-0d5b754cd7e2,7,1624594318622
8d5adfee-df6c-418c-abfc-b08e51164542,6,1623918447367
510c6f0d-0614-4e94-9484-dd8d499c5036,7,1624318986075
667196e3-bf86-4f74-86e1-3474b93e424f,13,1623764139572
d2d0e5a7-d2b7-43bf-a1f0-e437125736b5,16,1623835460147
15a73e20-262f-4a28-b889-974db52fb11f,6,1623988798476
b7bd4b54-9e40-4d61-a710-17b543006937,7,1624132735618
4e037e04-6135-48dd-ac97-dee4d69fb954,7,1624746929184
ab98d5c2-88dc-48d3-9dc5-4ad9edf7d157,7,1624788314797
187c7cf3-5f1f-4728-a466-71588e5eacf2,7,1624211598901
d2d0e5a7-d2b7-43bf-a1f0-e437125736b5,17,1624225261319
885bca39-6e11-4189-9e3e-1c43be504d84,10,1624144584705
8d5adfee-df6c-418c-abfc-b08e51164542,9,1624000234187
b4843996-a93b-44db-aaed-0a00eb443fa5,14,1624890561075
3fd9cf70-c9c7-467b-9944-3e11a2987e79,11,1624651734132
2ad9b98a-351f-4696-8aec-5825869dd56b,12,1624037149532
e2017710-aff4-48b2-aecf-0023438362dd,11,1624302121300
21eba462-2c5f-4745-9092-3f1fa39a287d,4,1624269589617
1ce3df0b-c626-4b5c-a1b7-43ce00b381f5,16,1624380782922
b72d7c15-cea2-440a-8f05-ecad78dab70b,9,1624898854615
b8231129-a621-4b0f-91fc-6c8b8b729146,7,1624724368759
15a73e20-262f-4a28-b889-974db52fb11f,13,1624773668778
4e037e04-6135-48dd-ac97-dee4d69fb954,11,1624542960043
667196e3-bf86-4f74-86e1-3474b93e424f,15,1624181329354
2ad9b98a-351f-4696-8aec-5825869dd56b,12,1623864253701
97dca41f-a4a7-4c0d-9245-4b67dd0339bd,16,1624151795890
cf6d27d9-62d0-4511-bce1-1c545c4f8476,14,1624524165795
45990643-f199-48cd-a804-40f8651f66cc,4,1623776157732
ab98d5c2-88dc-48d3-9dc5-4ad9edf7d157,7,1623932399166
510c6f0d-0614-4e94-9484-dd8d499c5036,12,1623991180980
ed958bcb-29af-4622-8ad5-7c1b5fc2c8b6,11,1624779439723
97dca41f-a4a7-4c0d-9245-4b67dd0339bd,17,1624353157012
3fd9cf70-c9c7-467b-9944-3e11a2987e79,12,1624098352433
e2017710-aff4-48b2-aecf-0023438362dd,11,1624287248374
7d5e3522-3a3e-4cac-9d20-1ae973a3d3ae,5,1623885471280
4e135956-5d75-4f06-abc0-b12e36c0f2f5,10,1624643326242
7d5e3522-3a3e-4cac-9d20-1ae973a3d3ae,3,1624111381062
c8cbd961-9906-4cda-a5f2-66a9ee55a0a9,16,1624741181479
ca164e86-0f3d-4c60-aea5-2e22740de995,14,1624924532445
15a73e20-262f-4a28-b889-974db52fb11f,15,1624946956099
2ad9b98a-351f-4696-8aec-5825869dd56b,17,1624409784457
b8231129-a621-4b0f-91fc-6c8b8b729146,7,1624114749758
38995693-a5e8-4611-afde-b615da7877ae,4,1623967303558
b72d7c15-cea2-440a-8f05-ecad78dab70b,13,1624453189807
b4843996-a93b-44db-aaed-0a00eb443fa5,16,1624591912955
885bca39-6e11-4189-9e3e-1c43be504d84,2,1624293723013
667196e3-bf86-4f74-86e1-3474b93e424f,8,1624493325379
7047dea2-2e89-4898-9c8f-2f1affc24915,7,1624165435361
b8231129-a621-4b0f-91fc-6c8b8b729146,12,1624698463467
3371bab0-d190-4df3-a583-c8384b0b6784,4,1624406523975
45990643-f199-48cd-a804-40f8651f66cc,12,1624038173639
7047dea2-2e89-4898-9c8f-2f1affc24915,12,1624734194922
412202f9-740a-43fc-9f59-bec17ec58424,6,1624708879494
58678369-d4c4-490b-bccf-d51b0c570f3c,9,1624854876250
c8cbd961-9906-4cda-a5f2-66a9ee55a0a9,17,1623838703504
58678369-d4c4-490b-bccf-d51b0c570f3c,13,1623999305367
e2017710-aff4-48b2-aecf-0023438362dd,14,1624921368701
b7bd4b54-9e40-4d61-a710-17b543006937,3,1624016570826
97dca41f-a4a7-4c0d-9245-4b67dd0339bd,17,1624851076542
21eba462-2c5f-4745-9092-3f1fa39a287d,16,1624340177537
b8231129-a621-4b0f-91fc-6c8b8b729146,17,1624411683606
4e135956-5d75-4f06-abc0-b12e36c0f2f5,6,1623841025707
b4843996-a93b-44db-aaed-0a00eb443fa5,16,1624920437396
ab98d5c2-88dc-48d3-9dc5-4ad9edf7d157,11,1624954534134
45990643-f199-48cd-a804-40f8651f66cc,17,1624521491527
187c7cf3-5f1f-4728-a466-71588e5eacf2,17,1624004548159
667196e3-bf86-4f74-86e1-3474b93e424f,6,1624429772499
b4843996-a93b-44db-aaed-0a00eb443fa5,7,1623963036912
510c6f0d-0614-4e94-9484-dd8d499c5036,3,1624856642006
38995693-a5e8-4611-afde-b615da7877ae,14,1623983349578
667196e3-bf86-4f74-86e1-3474b93e424f,13,1624602374051
2ad9b98a-351f-4696-8aec-5825869dd56b,5,1624420026563
b905acab-9320-4881-a986-9e0dad7d227d,11,1624954637366
412202f9-740a-43fc-9f59-bec17ec58424,10,1624908213390
3fd9cf70-c9c7-467b-9944-3e11a2987e79,14,1624472337750
7047dea2-2e89-4898-9c8f-2f1affc24915,12,1624864232725
b7bd4b54-9e40-4d61-a710-17b543006937,11,1624901311955
8d5adfee-df6c-418c-abfc-b08e51164542,2,1624527246139
45990643-f199-48cd-a804-40f8651f66cc,4,1624017150125
eef8edd5-229a-41da-9e01-000f430c3978,8,1624055175694
d2d0e5a7-d2b7-43bf-a1f0-e437125736b5,5,1624186811788
58678369-d4c4-490b-bccf-d51b0c570f3c,9,1623944890946
ca164e86-0f3d-4c60-aea5-2e22740de995,3,1624215216266
187c7cf3-5f1f-4728-a466-71588e5eacf2,16,1623972645590
1d5d9e4b-445a-43d3-8756-4dc11c066de8,5,1623998879539
4e037e04-6135-48dd-ac97-dee4d69fb954,12,1624505868067
2ad9b98a-351f-4696-8aec-5825869dd56b,11,1624848283827
667196e3-bf86-4f74-86e1-3474b93e424f,10,1624201507236
eef8edd5-229a-41da-9e01-000f430c3978,8,1624584975960
b905acab-9320-4881-a986-9e0dad7d227d,12,1624584955319
97dca41f-a4a7-4c0d-9245-4b67dd0339bd,17,1623893056850
2ad9b98a-351f-4696-8aec-5825869dd56b,17,1623914852001
97dca41f-a4a7-4c0d-9245-4b67dd0339bd,17,1624089132450
6976e672-3c6f-48a6-9f73-edfc03fefb63,1,1624752122765
97dca41f-a4a7-4c0d-9245-4b67dd0339bd,4,1624817208023
7047dea2-2e89-4898-9c8f-2f1affc24915,14,1624784374603
8d5adfee-df6c-418c-abfc-b08e51164542,6,1624499950461
1d5d9e4b-445a-43d3-8756-4dc11c066de8,4,1624366729903
45990643-f199-48cd-a804-40f8651f66cc,3,1624650332805
4318b7cb-e78c-42c6-9a19-67b45a2cf7c1,4,1623906269837
eef8edd5-229a-41da-9e01-000f430c3978,10,1624247398594
7047dea2-2e89-4898-9c8f-2f1affc24915,7,1624173143878
15a73e20-262f-4a28-b889-974db52fb11f,10,1624051934787
1ce3df0b-c626-4b5c-a1b7-43ce00b381f5,16,1624821707428
3371bab0-d190-4df3-a583-c8384b0b6784,3,1624018776467
667196e3-bf86-4f74-86e1-3474b93e424f,2,1623911413476
d2d0e5a7-d2b7-43bf-a1f0-e437125736b5,12,1623789041678
667196e3-bf86-4f74-86e1-3474b93e424f,15,1624292960111
21eba462-2c5f-4745-9092-3f1fa39a287d,12,1624066725642
4e135956-5d75-4f06-abc0-b12e36c0f2f5,6,1624587319997
412202f9-740a-43fc-9f59-bec17ec58424,10,1624932561400
7c92b0f0-55ac-4cca-82ba-bc00e447c644,9,1624548384114
8d5adfee-df6c-418c-abfc-b08e51164542,8,1623830973262
d2d0e5a7-d2b7-43bf-a1f0-e437125736b5,14,1624216909842
7d5e3522-3a3e-4cac-9d20-1ae973a3d3ae,17,1624170936483
7d5e3522-3a3e-4cac-9d20-1ae973a3d3ae,11,1624083355747
b72d7c15-cea2-440a-8f05-ecad78dab70b,15,1623771052529
8d5adfee-df6c-418c-abfc-b08e51164542,9,1624292911851
b905acab-9320-4881-a986-9e0dad7d227d,5,1624195082766
1d5d9e4b-445a-43d3-8756-4dc11c066de8,17,1624425472811
e2017710-aff4-48b2-aecf-0023438362dd,5,1623882274858
c8cbd961-9906-4cda-a5f2-66a9ee55a0a9,11,1624026503056
b905acab-9320-4881-a986-9e0dad7d227d,5,1624366967945
ca164e86-0f3d-4c60-aea5-2e22740de995,3,1624100828011
3fd9cf70-c9c7-467b-9944-3e11a2987e79,14,1624406852808
8d5adfee-df6c-418c-abfc-b08e51164542,6,1624452959777
b4843996-a93b-44db-aaed-0a00eb443fa5,11,1623770987987
38995693-a5e8-4611-afde-b615da7877ae,3,1624002594288
b8231129-a621-4b0f-91fc-6c8b8b729146,5,1623838384034
b905acab-9320-4881-a986-9e0dad7d227d,16,1624940924940
7d5e3522-3a3e-4cac-9d20-1ae973a3d3ae,17,1624569711278
b8231129-a621-4b0f-91fc-6c8b8b729146,14,1624522357544
45990643-f199-48cd-a804-40f8651f66cc,5,1624935495253
885bca39-6e11-4189-9e3e-1c43be504d84,8,1623941203512
4e037e04-6135-48dd-ac97-dee4d69fb954,5,1624053731690
45990643-f199-48cd-a804-40f8651f66cc,14,1624191034962
f96d09b3-867e-498f-acbb-1b2977f87477,3,1623895558552
7d5e3522-3a3e-4cac-9d20-1ae973a3d3ae,16,1624694913851
c8cbd961-9906-4cda-a5f2-66a9ee55a0a9,14,1623895853550
1d5d9e4b-445a-43d3-8756-4dc11c066de8,5,1624754249876
a1536500-885d-4b96-8866-43fa7e2c6fde,5,1624033494359
2ad9b98a-351f-4696-8aec-5825869dd56b,12,1624540841472
667196e3-bf86-4f74-86e1-3474b93e424f,13,1624138675105
15a73e20-262f-4a28-b889-974db52fb11f,13,1623914498930
7d5e3522-3a3e-4cac-9d20-1ae973a3d3ae,11,1623780626662
4318b7cb-e78c-42c6-9a19-67b45a2cf7c1,5,1624729277553
7047dea2-2e89-4898-9c8f-2f1affc24915,4,1623926184205
667196e3-bf86-4f74-86e1-3474b93e424f,2,1624846007394
b7bd4b54-9e40-4d61-a710-17b543006937,16,1624333673004
ed958bcb-29af-4622-8ad5-7c1b5fc2c8b6,17,1624778030005
b4843996-a93b-44db-aaed-0a00eb443fa5,16,1624570799875
15a73e20-262f-4a28-b889-974db52fb11f,6,1624756784587
b7e349ff-72b7-4a96-81de-abe1fb468035,11,1624435765937
ed958bcb-29af-4622-8ad5-7c1b5fc2c8b6,16,1624329122597
ab98d5c2-88dc-48d3-9dc5-4ad9edf7d157,7,1623925862400
c8cbd961-9906-4cda-a5f2-66a9ee55a0a9,7,1624568600240
1ce3df0b-c626-4b5c-a1b7-43ce00b381f5,14,1624873903390
eef8edd5-229a-41da-9e01-000f430c3978,8,1624173192194
1d5d9e4b-445a-43d3-8756-4dc11c066de8,16,1624261462496
7c92b0f0-55ac-4cca-82ba-bc00e447c644,8,1624347299583
97dca41f-a4a7-4c0d-9245-4b67dd0339bd,16,1623898382207
b4843996-a93b-44db-aaed-0a00eb443fa5,4,1623869181310
b72d7c15-cea2-440a-8f05-ecad78dab70b,2,1624820778785
b8231129-a621-4b0f-91fc-6c8b8b729146,12,1624442670916
187c7cf3-5f1f-4728-a466-71588e5eacf2,16,1624596136211
3fd9cf70-c9c7-467b-9944-3e11a2987e79,3,1623787879246
187c7cf3-5f1f-4728-a466-71588e5eacf2,3,1624133174727
2ad9b98a-351f-4696-8aec-5825869dd56b,4,1623784141111
b8231129-a621-4b0f-91fc-6c8b8b729146,16,1624051581816
edd03fff-5748-488b-aa91-0d5b754cd7e2,4,1624470933762
cf6d27d9-62d0-4511-bce1-1c545c4f8476,5,1624170772780
667196e3-bf86-4f74-86e1-3474b93e424f,6,1624302153618
8d5adfee-df6c-418c-abfc-b08e51164542,1,1624884328797
21eba462-2c5f-4745-9092-3f1fa39a287d,12,1624634408869
21eba462-2c5f-4745-9092-3f1fa39a287d,17,1624418120959
1d5d9e4b-445a-43d3-8756-4dc11c066de8,3,1624405922379
3371bab0-d190-4df3-a583-c8384b0b6784,16,1624635032921
510c6f0d-0614-4e94-9484-dd8d499c5036,7,1624252046867
edd03fff-5748-488b-aa91-0d5b754cd7e2,16,1624159484887
7d5e3522-3a3e-4cac-9d20-1ae973a3d3ae,17,1624720846805
a1536500-885d-4b96-8866-43fa7e2c6fde,14,1624167262492
21eba462-2c5f-4745-9092-3f1fa39a287d,16,1624279977896
c8cbd961-9906-4cda-a5f2-66a9ee55a0a9,11,1624004568383
97dca41f-a4a7-4c0d-9245-4b67dd0339bd,12,1624518692968
97dca41f-a4a7-4c0d-9245-4b67dd0339bd,14,1624132240891
b8231129-a621-4b0f-91fc-6c8b8b729146,17,1624227523192
ca164e86-0f3d-4c60-aea5-2e22740de995,11,1624519820505
b7e349ff-72b7-4a96-81de-abe1fb468035,3,1624134671133
e2017710-aff4-48b2-aecf-0023438362dd,3,1624098888497
edd03fff-5748-488b-aa91-0d5b754cd7e2,4,1624183607163
38995693-a5e8-4611-afde-b615da7877ae,3,1624790576114
7c92b0f0-55ac-4cca-82ba-bc00e447c644,6,1624538117929
a1536500-885d-4b96-8866-43fa7e2c6fde,14,1624166090441
510c6f0d-0614-4e94-9484-dd8d499c5036,5,1624102315066
ab98d5c2-88dc-48d3-9dc5-4ad9edf7d157,4,1624734175208
7c92b0f0-55ac-4cca-82ba-bc00e447c644,8,1624689205520
7047dea2-2e89-4898-9c8f-2f1affc24915,5,1623994127906
4e037e04-6135-48dd-ac97-dee4d69fb954,7,1624476702529
45990643-f199-48cd-a804-40f8651f66cc,11,1624767481333
4e135956-5d75-4f06-abc0-b12e36c0f2f5,9,1624470825211
412202f9-740a-43fc-9f59-bec17ec58424,15,1624099733254
b72d7c15-cea2-440a-8f05-ecad78dab70b,15,1624252120778
15a73e20-262f-4a28-b889-974db52fb11f,13,1624684707277
eef8edd5-229a-41da-9e01-000f430c3978,8,1624875484635
4e135956-5d75-4f06-abc0-b12e36c0f2f5,13,1624605874755
1d5d9e4b-445a-43d3-8756-4dc11c066de8,3,1624022156737
38995693-a5e8-4611-afde-b615da7877ae,14,1624183517937
b4843996-a93b-44db-aaed-0a00eb443fa5,12,1624954754960
7047dea2-2e89-4898-9c8f-2f1affc24915,14,1624001870005
4318b7cb-e78c-42c6-9a19-67b45a2cf7c1,3,1624643964692
38995693-a5e8-4611-afde-b615da7877ae,3,1623755018192
187c7cf3-5f1f-4728-a466-71588e5eacf2,11,1624405291053
8d5adfee-df6c-418c-abfc-b08e51164542,10,1624547171115
7d5e3522-3a3e-4cac-9d20-1ae973a3d3ae,7,1624344213675
ab98d5c2-88dc-48d3-9dc5-4ad9edf7d157,3,1624152918626
885bca39-6e11-4189-9e3e-1c43be504d84,10,1624392183570
d2d0e5a7-d2b7-43bf-a1f0-e437125736b5,7,1624671883476
4318b7cb-e78c-42c6-9a19-67b45a2cf7c1,11,1624674614922
885bca39-6e11-4189-9e3e-1c43be504d84,6,1623796740291
45990643-f199-48cd-a804-40f8651f66cc,16,1624351198512
4e135956-5d75-4f06-abc0-b12e36c0f2f5,1,1624490066496
1d5d9e4b-445a-43d3-8756-4dc11c066de8,16,1624295918051
38995693-a5e8-4611-afde-b615da7877ae,7,1623917483281
885bca39-6e11-4189-9e3e-1c43be504d84,9,1624174052887
187c7cf3-5f1f-4728-a466-71588e5eacf2,11,1624874994557
c8cbd961-9906-4cda-a5f2-66a9ee55a0a9,11,1624787546296
7047dea2-2e89-4898-9c8f-2f1affc24915,5,1624456871202
4e037e04-6135-48dd-ac97-dee4d69fb954,5,1624915280556
3fd9cf70-c9c7-467b-9944-3e11a2987e79,3,1624303934241
ca164e86-0f3d-4c60-aea5-2e22740de995,7,1624946248698
1ce3df0b-c626-4b5c-a1b7-43ce00b381f5,14,1623865045929
4318b7cb-e78c-42c6-9a19-67b45a2cf7c1,14,1624665320763
cf6d27d9-62d0-4511-bce1-1c545c4f8476,4,1623912376517
b8231129-a621-4b0f-91fc-6c8b8b729146,11,1624704217244
2ad9b98a-351f-4696-8aec-5825869dd56b,3,1624637830406
412202f9-740a-43fc-9f59-bec17ec58424,10,1623802030146
4318b7cb-e78c-42c6-9a19-67b45a2cf7c1,5,1624420819280
ca164e86-0f3d-4c60-aea5-2e22740de995,16,1624661948747
b7e349ff-72b7-4a96-81de-abe1fb468035,12,1623780269341
1d5d9e4b-445a-43d3-8756-4dc11c066de8,14,1624855750498
2ad9b98a-351f-4696-8aec-5825869dd56b,4,1623762653426
187c7cf3-5f1f-4728-a466-71588e5eacf2,7,1624667822249
d2d0e5a7-d2b7-43bf-a1f0-e437125736b5,12,1623856859651
412202f9-740a-43fc-9f59-bec17ec58424,6,1624409240051
e2017710-aff4-48b2-aecf-0023438362dd,4,1624673903062
4318b7cb-e78c-42c6-9a19-67b45a2cf7c1,7,1624839812678
f96d09b3-867e-498f-acbb-1b2977f87477,7,1623982391554
7d5e3522-3a3e-4cac-9d20-1ae973a3d3ae,7,1624375834230
b4843996-a93b-44db-aaed-0a00eb443fa5,12,1624330472586
b905acab-9320-4881-a986-9e0dad7d227d,16,1624272307881
e2017710-aff4-48b2-aecf-0023438362dd,4,1624488599999
eef8edd5-229a-41da-9e01-000f430c3978,8,1624939930594
412202f9-740a-43fc-9f59-bec17ec58424,2,1624576358749
ed958bcb-29af-4622-8ad5-7c1b5fc2c8b6,7,1624026954616
b7bd4b54-9e40-4d61-a710-17b543006937,7,1624692357115
7047dea2-2e89-4898-9c8f-2f1affc24915,14,1623814260422
ca164e86-0f3d-4c60-aea5-2e22740de995,5,1624415037473
6976e672-3c6f-48a6-9f73-edfc03fefb63,13,1624417939367
1ce3df0b-c626-4b5c-a1b7-43ce00b381f5,3,1624393011698
c8cbd961-9906-4cda-a5f2-66a9ee55a0a9,7,1623935775814
ed958bcb-29af-4622-8ad5-7c1b5fc2c8b6,11,1624437458559
187c7cf3-5f1f-4728-a466-71588e5eacf2,17,1624250740209
412202f9-740a-43fc-9f59-bec17ec58424,13,1624904318300
412202f9-740a-43fc-9f59-bec17ec58424,8,1624583643298
ab98d5c2-88dc-48d3-9dc5-4ad9edf7d157,5,1624397449168
eef8edd5-229a-41da-9e01-000f430c3978,2,1624759793626
8d5adfee-df6c-418c-abfc-b08e51164542,1,1624558166622
ab98d5c2-88dc-48d3-9dc5-4ad9edf7d157,7,1623900885299
edd03fff-5748-488b-aa91-0d5b754cd7e2,11,1623960083842
21eba462-2c5f-4745-9092-3f1fa39a287d,3,1624435038852
8d5adfee-df6c-418c-abfc-b08e51164542,15,1624005673087
97dca41f-a4a7-4c0d-9245-4b67dd0339bd,14,1623992176677
ed958bcb-29af-4622-8ad5-7c1b5fc2c8b6,3,1624440433681
4318b7cb-e78c-42c6-9a19-67b45a2cf7c1,5,1624812930795
b72d7c15-cea2-440a-8f05-ecad78dab70b,1,1623985278290
b7bd4b54-9e40-4d61-a710-17b543006937,16,1624688687286
3fd9cf70-c9c7-467b-9944-3e11a2987e79,7,1624541107615
412202f9-740a-43fc-9f59-bec17ec58424,15,1624749986751
b72d7c15-cea2-440a-8f05-ecad78dab70b,6,1624785739106
4e037e04-6135-48dd-ac97-dee4d69fb954,12,1623837527040
7d5e3522-3a3e-4cac-9d20-1ae973a3d3ae,3,1623909043391
a1536500-885d-4b96-8866-43fa7e2c6fde,3,1624946739607
f96d09b3-867e-498f-acbb-1b2977f87477,17,1624719258700
cf6d27d9-62d0-4511-bce1-1c545c4f8476,4,1624474337814
b905acab-9320-4881-a986-9e0dad7d227d,12,1624138478825
4318b7cb-e78c-42c6-9a19-67b45a2cf7c1,16,1623865234938
e2017710-aff4-48b2-aecf-0023438362dd,11,1624603146705
cf6d27d9-62d0-4511-bce1-1c545c4f8476,4,1624621829987
187c7cf3-5f1f-4728-a466-71588e5eacf2,5,1624035048065
1ce3df0b-c626-4b5c-a1b7-43ce00b381f5,12,1624932760874
cf6d27d9-62d0-4511-bce1-1c545c4f8476,4,1623795040096
4318b7cb-e78c-42c6-9a19-67b45a2cf7c1,17,1624040254224
eef8edd5-229a-41da-9e01-000f430c3978,13,1623993599928
edd03fff-5748-488b-aa91-0d5b754cd7e2,17,1624849619244
667196e3-bf86-4f74-86e1-3474b93e424f,6,1624501632580
15a73e20-262f-4a28-b889-974db52fb11f,8,1623836535117
97dca41f-a4a7-4c0d-9245-4b67dd0339bd,17,1624169186997
4e037e04-6135-48dd-ac97-dee4d69fb954,12,1624228319049
510c6f0d-0614-4e94-9484-dd8d499c5036,11,1624086691962
eef8edd5-229a-41da-9e01-000f430c3978,1,1624351908698
edd03fff-5748-488b-aa91-0d5b754cd7e2,4,1624263049326
b8231129-a621-4b0f-91fc-6c8b8b729146,11,1624176904417
f96d09b3-867e-498f-acbb-1b2977f87477,16,1624283219440
b8231129-a621-4b0f-91fc-6c8b8b729146,14,1624611554790
c8cbd961-9906-4cda-a5f2-66a9ee55a0a9,7,1624789197744
187c7cf3-5f1f-4728-a466-71588e5eacf2,7,1624026701270
510c6f0d-0614-4e94-9484-dd8d499c5036,4,1624565886275
1ce3df0b-c626-4b5c-a1b7-43ce00b381f5,11,1624336559298
45990643-f199-48cd-a804-40f8651f66cc,3,1624617456870
667196e3-bf86-4f74-86e1-3474b93e424f,1,1624838385247
1d5d9e4b-445a-43d3-8756-4dc11c066de8,11,1624008863165
187c7cf3-5f1f-4728-a466-71588e5eacf2,14,1624609659637
3fd9cf70-c9c7-467b-9944-3e11a2987e79,17,1624674443786
b7bd4b54-9e40-4d61-a710-17b543006937,4,1623787726150
7c92b0f0-55ac-4cca-82ba-bc00e447c644,13,1624470469550
45990643-f199-48cd-a804-40f8651f66cc,11,1624801854737
b7e349ff-72b7-4a96-81de-abe1fb468035,7,1623780555030
15a73e20-262f-4a28-b889-974db52fb11f,1,1623909928733
7c92b0f0-55ac-4cca-82ba-bc00e447c644,9,1624032658334
510c6f0d-0614-4e94-9484-dd8d499c5036,4,1624291286420
edd03fff-5748-488b-aa91-0d5b754cd7e2,4,1624314069296
ca164e86-0f3d-4c60-aea5-2e22740de995,14,1624340848054
2ad9b98a-351f-4696-8aec-5825869dd56b,7,1623772155405
412202f9-740a-43fc-9f59-bec17ec58424,15,1624592713783
4e037e04-6135-48dd-ac97-dee4d69fb954,12,1623849310999
97dca41f-a4a7-4c0d-9245-4b67dd0339bd,11,1623820392224
b905acab-9320-4881-a986-9e0dad7d227d,16,1623911202754
7047dea2-2e89-4898-9c8f-2f1affc24915,14,1624171604667
15a73e20-262f-4a28-b889-974db52fb11f,1,1624137893724
1ce3df0b-c626-4b5c-a1b7-43ce00b381f5,17,1624039963203
a1536500-885d-4b96-8866-43fa7e2c6fde,12,1624807595691
b905acab-9320-4881-a986-9e0dad7d227d,4,1624098959097
3371bab0-d190-4df3-a583-c8384b0b6784,16,1624198084813
cf6d27d9-62d0-4511-bce1-1c545c4f8476,4,1623763282472
412202f9-740a-43fc-9f59-bec17ec58424,15,1624458218857
ca164e86-0f3d-4c60-aea5-2e22740de995,7,1624816971675
b7bd4b54-9e40-4d61-a710-17b543006937,4,1624369302244
6976e672-3c6f-48a6-9f73-edfc03fefb63,9,1624745135833
cf6d27d9-62d0-4511-bce1-1c545c4f8476,3,1624580556767
187c7cf3-5f1f-4728-a466-71588e5eacf2,17,1624312754218
15a73e20-262f-4a28-b889-974db52fb11f,9,1624140210539
b72d7c15-cea2-440a-8f05-ecad78dab70b,15,1624870652792
a1536500-885d-4b96-8866-43fa7e2c6fde,11,1624787865513
4e037e04-6135-48dd-ac97-dee4d69fb954,7,1624432811033
b7bd4b54-9e40-4d61-a710-17b543006937,5,1624867001781
1d5d9e4b-445a-43d3-8756-4dc11c066de8,17,1624682520213
f96d09b3-867e-498f-acbb-1b2977f87477,14,1624425066838
15a73e20-262f-4a28-b889-974db52fb11f,6,1623899225181
97dca41f-a4a7-4c0d-9245-4b67dd0339bd,12,1623755430762
6976e672-3c6f-48a6-9f73-edfc03fefb63,1,1623856848959
38995693-a5e8-4611-afde-b615da7877ae,3,1624847458389
3371bab0-d190-4df3-a583-c8384b0b6784,7,1624334873901
e2017710-aff4-48b2-aecf-0023438362dd,3,1624141842352
4318b7cb-e78c-42c6-9a19-67b45a2cf7c1,17,1623862710537
b72d7c15-cea2-440a-8f05-ecad78dab70b,1,1624861863098
510c6f0d-0614-4e94-9484-dd8d499c5036,12,1624516267850
ca164e86-0f3d-4c60-aea5-2e22740de995,17,1624199559697
b7e349ff-72b7-4a96-81de-abe1fb468035,5,1624802938490
45990643-f199-48cd-a804-40f8651f66cc,5,1624455058263
d2d0e5a7-d2b7-43bf-a1f0-e437125736b5,11,1624486862646
7d5e3522-3a3e-4cac-9d20-1ae973a3d3ae,17,1624286726786
ed958bcb-29af-4622-8ad5-7c1b5fc2c8b6,11,1623889447411
4318b7cb-e78c-42c6-9a19-67b45a2cf7c1,7,1624850431922
cf6d27d9-62d0-4511-bce1-1c545c4f8476,4,1624876933189
187c7cf3-5f1f-4728-a466-71588e5eacf2,17,1624786266870
187c7cf3-5f1f-4728-a466-71588e5eacf2,11,1624831063471
4e037e04-6135-48dd-ac97-dee4d69fb954,12,1624574727625
edd03fff-5748-488b-aa91-0d5b754cd7e2,5,1624666661046
f96d09b3-867e-498f-acbb-1b2977f87477,5,1624814130560
667196e3-bf86-4f74-86e1-3474b93e424f,6,1624195496951
6976e672-3c6f-48a6-9f73-edfc03fefb63,10,1623785614813
b7e349ff-72b7-4a96-81de-abe1fb468035,17,1624891021531
b905acab-9320-4881-a986-9e0dad7d227d,17,1624024116144
eef8edd5-229a-41da-9e01-000f430c3978,10,1624614715336
ca164e86-0f3d-4c60-aea5-2e22740de995,4,1624535492285
b8231129-a621-4b0f-91fc-6c8b8b729146,17,1624275573591
97dca41f-a4a7-4c0d-9245-4b67dd0339bd,17,1624541042764
4e037e04-6135-48dd-ac97-dee4d69fb954,7,1623791173187
4e135956-5d75-4f06-abc0-b12e36c0f2f5,10,1624287057546
1d5d9e4b-445a-43d3-8756-4dc11c066de8,11,1623899415048
38995693-a5e8-4611-afde-b615da7877ae,7,1624509871005
eef8edd5-229a-41da-9e01-000f430c3978,8,1623938076369
b7e349ff-72b7-4a96-81de-abe1fb468035,4,1624277141926
edd03fff-5748-488b-aa91-0d5b754cd7e2,5,1624305866224
7047dea2-2e89-4898-9c8f-2f1affc24915,11,1624280896870
edd03fff-5748-488b-aa91-0d5b754cd7e2,11,1624571383089
f96d09b3-867e-498f-acbb-1b2977f87477,14,1624752606310
b7bd4b54-9e40-4d61-a710-17b543006937,12,1624116565345
6976e672-3c6f-48a6-9f73-edfc03fefb63,15,1624014514008
2ad9b98a-351f-4696-8aec-5825869dd56b,5,1624070264953
6976e672-3c6f-48a6-9f73-edfc03fefb63,15,1624191226999
cf6d27d9-62d0-4511-bce1-1c545c4f8476,14,1624739804733
ab98d5c2-88dc-48d3-9dc5-4ad9edf7d157,14,1624706288120
ed958bcb-29af-4622-8ad5-7c1b5fc2c8b6,3,1624300415168
ca164e86-0f3d-4c60-aea5-2e22740de995,11,1624386437419
eef8edd5-229a-41da-9e01-000f430c3978,9,1624740170045
ed958bcb-29af-4622-8ad5-7c1b5fc2c8b6,14,1624373707690
4318b7cb-e78c-42c6-9a19-67b45a2cf7c1,17,1624385510056
ab98d5c2-88dc-48d3-9dc5-4ad9edf7d157,11,1624672551371
45990643-f199-48cd-a804-40f8651f66cc,17,1624105768198
eef8edd5-229a-41da-9e01-000f430c3978,15,1624135455310
edd03fff-5748-488b-aa91-0d5b754cd7e2,16,1624051326669
f96d09b3-867e-498f-acbb-1b2977f87477,7,1624214570897
1ce3df0b-c626-4b5c-a1b7-43ce00b381f5,14,1624024264731
cf6d27d9-62d0-4511-bce1-1c545c4f8476,14,1624243826834
2ad9b98a-351f-4696-8aec-5825869dd56b,7,1624749421068
ed958bcb-29af-4622-8ad5-7c1b5fc2c8b6,17,1624278582811
cf6d27d9-62d0-4511-bce1-1c545c4f8476,3,1624592213322
97dca41f-a4a7-4c0d-9245-4b67dd0339bd,11,1623995018610
2ad9b98a-351f-4696-8aec-5825869dd56b,12,1624539148327
ab98d5c2-88dc-48d3-9dc5-4ad9edf7d157,17,1623899183250
ca164e86-0f3d-4c60-aea5-2e22740de995,11,1624319675017
8d5adfee-df6c-418c-abfc-b08e51164542,2,1624634921103
885bca39-6e11-4189-9e3e-1c43be504d84,6,1624906475054
1ce3df0b-c626-4b5c-a1b7-43ce00b381f5,4,1624862186899
ab98d5c2-88dc-48d3-9dc5-4ad9edf7d157,12,1624539418382
b4843996-a93b-44db-aaed-0a00eb443fa5,7,1624686652750
21eba462-2c5f-4745-9092-3f1fa39a287d,14,1623839279027
a1536500-885d-4b96-8866-43fa7e2c6fde,16,1624688977006
b72d7c15-cea2-440a-8f05-ecad78dab70b,1,1623888273517
7d5e3522-3a3e-4cac-9d20-1ae973a3d3ae,12,1624089891088
b4843996-a93b-44db-aaed-0a00eb443fa5,4,1624199613929
45990643-f199-48cd-a804-40f8651f66cc,4,1623953092166
2ad9b98a-351f-4696-8aec-5825869dd56b,14,1624750739554
3371bab0-d190-4df3-a583-c8384b0b6784,11,1624567531214
b7e349ff-72b7-4a96-81de-abe1fb468035,12,1623787042748
c8cbd961-9906-4cda-a5f2-66a9ee55a0a9,16,1624022443249
2ad9b98a-351f-4696-8aec-5825869dd56b,11,1624497441285
b7e349ff-72b7-4a96-81de-abe1fb468035,3,1623812086196
15a73e20-262f-4a28-b889-974db52fb11f,13,1624781395557
15a73e20-262f-4a28-b889-974db52fb11f,10,1624387207397
4e037e04-6135-48dd-ac97-dee4d69fb954,7,1624321430072
eef8edd5-229a-41da-9e01-000f430c3978,9,1624703391198
b72d7c15-cea2-440a-8f05-ecad78dab70b,8,1624809587827
412202f9-740a-43fc-9f59-bec17ec58424,9,1624581722203
ed958bcb-29af-4622-8ad5-7c1b5fc2c8b6,7,1624754899227
4318b7cb-e78c-42c6-9a19-67b45a2cf7c1,11,1624818998512
e2017710-aff4-48b2-aecf-0023438362dd,4,1624308663868
b7e349ff-72b7-4a96-81de-abe1fb468035,14,1623749639461
7047dea2-2e89-4898-9c8f-2f1affc24915,17,1624376853971
b905acab-9320-4881-a986-9e0dad7d227d,17,1624896963499
b7bd4b54-9e40-4d61-a710-17b543006937,11,1623796946008
3fd9cf70-c9c7-467b-9944-3e11a2987e79,14,1624470701751
15a73e20-262f-4a28-b889-974db52fb11f,13,1624215591443
1ce3df0b-c626-4b5c-a1b7-43ce00b381f5,4,1624513144736
d2d0e5a7-d2b7-43bf-a1f0-e437125736b5,11,1623747090601
edd03fff-5748-488b-aa91-0d5b754cd7e2,5,1624486143315
21eba462-2c5f-4745-9092-3f1fa39a287d,3,1624906886585
2ad9b98a-351f-4696-8aec-5825869dd56b,16,1624852806785
e2017710-aff4-48b2-aecf-0023438362dd,17,1624715108434
ab98d5c2-88dc-48d3-9dc5-4ad9edf7d157,5,1624382295471
d2d0e5a7-d2b7-43bf-a1f0-e437125736b5,5,1624656741898
8d5adfee-df6c-418c-abfc-b08e51164542,10,1624924327846
6976e672-3c6f-48a6-9f73-edfc03fefb63,2,1623924902322
3371bab0-d190-4df3-a583-c8384b0b6784,5,1624691644651
b8231129-a621-4b0f-91fc-6c8b8b729146,11,1624651244632
4318b7cb-e78c-42c6-9a19-67b45a2cf7c1,14,1624838879979
58678369-d4c4-490b-bccf-d51b0c570f3c,10,1624287027706
e2017710-aff4-48b2-aecf-0023438362dd,16,1624581716664
edd03fff-5748-488b-aa91-0d5b754cd7e2,7,1624787736190
187c7cf3-5f1f-4728-a466-71588e5eacf2,4,1624506794877
7047dea2-2e89-4898-9c8f-2f1affc24915,12,1624027590654
2ad9b98a-351f-4696-8aec-5825869dd56b,11,1624208161522
1ce3df0b-c626-4b5c-a1b7-43ce00b381f5,12,1624919994899
7d5e3522-3a3e-4cac-9d20-1ae973a3d3ae,17,1623937562447
3371bab0-d190-4df3-a583-c8384b0b6784,4,1623783936501
c8cbd961-9906-4cda-a5f2-66a9ee55a0a9,4,1624756864617
1ce3df0b-c626-4b5c-a1b7-43ce00b381f5,14,1624930873778
eef8edd5-229a-41da-9e01-000f430c3978,2,1623918111836
21eba462-2c5f-4745-9092-3f1fa39a287d,4,1624856237309
187c7cf3-5f1f-4728-a466-71588e5eacf2,11,1624352356685
6976e672-3c6f-48a6-9f73-edfc03fefb63,10,1624764113814
d2d0e5a7-d2b7-43bf-a1f0-e437125736b5,11,1624336797650
b7bd4b54-9e40-4d61-a710-17b543006937,5,1624483908907
4e037e04-6135-48dd-ac97-dee4d69fb954,4,1623943933661
97dca41f-a4a7-4c0d-9245-4b67dd0339bd,4,1624679976014
1ce3df0b-c626-4b5c-a1b7-43ce00b381f5,5,1624611825960
21eba462-2c5f-4745-9092-3f1fa39a287d,16,1624803183196
eef8edd5-229a-41da-9e01-000f430c3978,2,1624341553354
ed958bcb-29af-4622-8ad5-7c1b5fc2c8b6,7,1624579814226
187c7cf3-5f1f-4728-a466-71588e5eacf2,4,1624553460811
4318b7cb-e78c-42c6-9a19-67b45a2cf7c1,14,1624077693538
58678369-d4c4-490b-bccf-d51b0c570f3c,15,1624121608623
f96d09b3-867e-498f-acbb-1b2977f87477,7,1624645747631
b7bd4b54-9e40-4d61-a710-17b543006937,12,1623965595605
b7e349ff-72b7-4a96-81de-abe1fb468035,4,1624533189446
edd03fff-5748-488b-aa91-0d5b754cd7e2,17,1624609659389
15a73e20-262f-4a28-b889-974db52fb11f,13,1623963025074
e2017710-aff4-48b2-aecf-0023438362dd,5,1623852723430
510c6f0d-0614-4e94-9484-dd8d499c5036,11,1624631509517
667196e3-bf86-4f74-86e1-3474b93e424f,9,1624809837192
187c7cf3-5f1f-4728-a466-71588e5eacf2,14,1624888735035
b8231129-a621-4b0f-91fc-6c8b8b729146,3,1624781295712
3fd9cf70-c9c7-467b-9944-3e11a2987e79,17,1624499277054
f96d09b3-867e-498f-acbb-1b2977f87477,16,1623855246150
1d5d9e4b-445a-43d3-8756-4dc11c066de8,4,1623748504157
eef8edd5-229a-41da-9e01-000f430c3978,2,1623928861071
cf6d27d9-62d0-4511-bce1-1c545c4f8476,12,1624229465470
15a73e20-262f-4a28-b889-974db52fb11f,15,1624861596741
2ad9b98a-351f-4696-8aec-5825869dd56b,17,1624860464144
b4843996-a93b-44db-aaed-0a00eb443fa5,7,1624519991073
412202f9-740a-43fc-9f59-bec17ec58424,8,1623959031603
ed958bcb-29af-4622-8ad5-7c1b5fc2c8b6,4,1624667630066
b905acab-9320-4881-a986-9e0dad7d227d,17,1624893274801
b72d7c15-cea2-440a-8f05-ecad78dab70b,2,1624809586851
15a73e20-262f-4a28-b889-974db52fb11f,9,1624166576877
b4843996-a93b-44db-aaed-0a00eb443fa5,7,1624035903806
187c7cf3-5f1f-4728-a466-71588e5eacf2,16,1624607863366
a1536500-885d-4b96-8866-43fa7e2c6fde,7,1623768023039
885bca39-6e11-4189-9e3e-1c43be504d84,1,1624533736223
b4843996-a93b-44db-aaed-0a00eb443fa5,12,1624413424560
7c92b0f0-55ac-4cca-82ba-bc00e447c644,9,1623964107178
510c6f0d-0614-4e94-9484-dd8d499c5036,7,1624636794498
4318b7cb-e78c-42c6-9a19-67b45a2cf7c1,5,1624173380021
667196e3-bf86-4f74-86e1-3474b93e424f,8,1624296995057
edd03fff-5748-488b-aa91-0d5b754cd7e2,16,1624082685573
ed958bcb-29af-4622-8ad5-7c1b5fc2c8b6,14,1624410713491
3371bab0-d190-4df3-a583-c8384b0b6784,5,1624090026598
b7e349ff-72b7-4a96-81de-abe1fb468035,11,1624597147937
b4843996-a93b-44db-aaed-0a00eb443fa5,11,1623937847132
1ce3df0b-c626-4b5c-a1b7-43ce00b381f5,3,1624531131942
21eba462-2c5f-4745-9092-3f1fa39a287d,11,1624785719296
b4843996-a93b-44db-aaed-0a00eb443fa5,11,1624010944613
510c6f0d-0614-4e94-9484-dd8d499c5036,5,1624817626127
ca164e86-0f3d-4c60-aea5-2e22740de995,14,1624806060533
510c6f0d-0614-4e94-9484-dd8d499c5036,11,1623835112520
f96d09b3-867e-498f-acbb-1b2977f87477,17,1623838970842
7047dea2-2e89-4898-9c8f-2f1affc24915,3,1624000585674
b8231129-a621-4b0f-91fc-6c8b8b729146,16,1624527049081
eef8edd5-229a-41da-9e01-000f430c3978,13,1624828946610
ab98d5c2-88dc-48d3-9dc5-4ad9edf7d157,16,1623930428076
21eba462-2c5f-4745-9092-3f1fa39a287d,17,1623858059235
cf6d27d9-62d0-4511-bce1-1c545c4f8476,11,1624757403708
d2d0e5a7-d2b7-43bf-a1f0-e437125736b5,17,1624820547801
7c92b0f0-55ac-4cca-82ba-bc00e447c644,10,1624058567959
38995693-a5e8-4611-afde-b615da7877ae,4,1624582007405
885bca39-6e11-4189-9e3e-1c43be504d84,8,1624107818025
8d5adfee-df6c-418c-abfc-b08e51164542,1,1624011628386
b8231129-a621-4b0f-91fc-6c8b8b729146,7,1624487093985
2ad9b98a-351f-4696-8aec-5825869dd56b,5,1624342717672
1ce3df0b-c626-4b5c-a1b7-43ce00b381f5,4,1624827799310
45990643-f199-48cd-a804-40f8651f66cc,3,1624280532968
c8cbd961-9906-4cda-a5f2-66a9ee55a0a9,7,1624001098930
6976e672-3c6f-48a6-9f73-edfc03fefb63,1,1623886495552
7c92b0f0-55ac-4cca-82ba-bc00e447c644,10,1624804493410
b905acab-9320-4881-a986-9e0dad7d227d,17,1624870850296
ab98d5c2-88dc-48d3-9dc5-4ad9edf7d157,3,1624282267006
c8cbd961-9906-4cda-a5f2-66a9ee55a0a9,4,1624060993037
4e037e04-6135-48dd-ac97-dee4d69fb954,16,1624302886177
b7bd4b54-9e40-4d61-a710-17b543006937,12,1624161704681
21eba462-2c5f-4745-9092-3f1fa39a287d,16,1624209738876
667196e3-bf86-4f74-86e1-3474b93e424f,15,1624310953099
eef8edd5-229a-41da-9e01-000f430c3978,8,1624040759791
3371bab0-d190-4df3-a583-c8384b0b6784,11,1623830385261
b7e349ff-72b7-4a96-81de-abe1fb468035,5,1623902459214
ab98d5c2-88dc-48d3-9dc5-4ad9edf7d157,3,1624090271464
ca164e86-0f3d-4c60-aea5-2e22740de995,17,1624066006481
ed958bcb-29af-4622-8ad5-7c1b5fc2c8b6,3,1624302251174
1ce3df0b-c626-4b5c-a1b7-43ce00b381f5,16,1624215559163
1d5d9e4b-445a-43d3-8756-4dc11c066de8,5,1624495372533
a1536500-885d-4b96-8866-43fa7e2c6fde,11,1624359117488
4e135956-5d75-4f06-abc0-b12e36c0f2f5,2,1624071308738
cf6d27d9-62d0-4511-bce1-1c545c4f8476,12,1624467409574
b905acab-9320-4881-a986-9e0dad7d227d,12,1624892021453
1d5d9e4b-445a-43d3-8756-4dc11c066de8,17,1624209373599
3fd9cf70-c9c7-467b-9944-3e11a2987e79,5,1624366532243
58678369-d4c4-490b-bccf-d51b0c570f3c,6,1624181069431
ab98d5c2-88dc-48d3-9dc5-4ad9edf7d157,14,1624326246106
8d5adfee-df6c-418c-abfc-b08e51164542,9,1624860112081
ca164e86-0f3d-4c60-aea5-2e22740de995,4,1624268033111
4e037e04-6135-48dd-ac97-dee4d69fb954,17,1623888117074
187c7cf3-5f1f-4728-a466-71588e5eacf2,17,1624421269214
3fd9cf70-c9c7-467b-9944-3e11a2987e79,16,1624535134353
15a73e20-262f-4a28-b889-974db52fb11f,1,1624191443119
b72d7c15-cea2-440a-8f05-ecad78dab70b,6,1624730168513
58678369-d4c4-490b-bccf-d51b0c570f3c,10,1624079035711
